-- Full Demo Data Seed for GR-attitude  
-- Generated from populated database
-- Run with: sqlite3 gr_attitude.sqlite < seed-full.sql

-- Reset
DELETE FROM correlations;
DELETE FROM contributions;
DELETE FROM offers;
DELETE FROM missions;
DELETE FROM users;

-- Data
INSERT INTO users VALUES('user-1','marie.dubois@email.fr','$2b$10$z1paRE8LJMzcdz./9K7tQOrU9TQU//XSGVB0IRzeZ2B2LioD2qvG2',NULL,NULL,'Marie Dubois','https://i.pravatar.cc/150?img=1',NULL,NULL,0,'2026-02-27 19:56:58','2026-02-27 19:56:58','JavaScript,Design','Technologie,Culture',NULL,20,50,NULL,NULL);
INSERT INTO users VALUES('user-2','pierre.martin@email.fr','$2b$10$z1paRE8LJMzcdz./9K7tQOrU9TQU//XSGVB0IRzeZ2B2LioD2qvG2',NULL,NULL,'Pierre Martin','https://i.pravatar.cc/150?img=2',NULL,NULL,0,'2026-02-27 19:56:58','2026-02-27 19:56:58','Plomberie,Bricolage','Solidarité,Artisanat',NULL,15,30,NULL,NULL);
INSERT INTO users VALUES('user-3','sophie.bernard@email.fr','$2b$10$z1paRE8LJMzcdz./9K7tQOrU9TQU//XSGVB0IRzeZ2B2LioD2qvG2',NULL,NULL,'Sophie Bernard','https://i.pravatar.cc/150?img=3',NULL,NULL,0,'2026-02-27 19:56:58','2026-02-27 19:56:58','Cuisine,Jardinage','Écologie,Bien-être',NULL,25,40,NULL,NULL);
INSERT INTO users VALUES('user-4','thomas.petit@email.fr','$2b$10$z1paRE8LJMzcdz./9K7tQOrU9TQU//XSGVB0IRzeZ2B2LioD2qvG2',NULL,NULL,'Thomas Petit','https://i.pravatar.cc/150?img=4',NULL,NULL,0,'2026-02-27 19:56:58','2026-02-27 19:56:58','TypeScript,React','Technologie,Sport',NULL,30,60,NULL,NULL);
INSERT INTO users VALUES('user-5','julie.roux@email.fr','$2b$10$z1paRE8LJMzcdz./9K7tQOrU9TQU//XSGVB0IRzeZ2B2LioD2qvG2',NULL,NULL,'Julie Roux','https://i.pravatar.cc/150?img=5',NULL,NULL,0,'2026-02-27 19:56:58','2026-02-27 19:56:58','Marketing,Langues','Éducation,Culture',NULL,18,35,NULL,NULL);
INSERT INTO users VALUES('user-6','lucas.moreau@email.fr','$2b$10$z1paRE8LJMzcdz./9K7tQOrU9TQU//XSGVB0IRzeZ2B2LioD2qvG2',NULL,NULL,'Lucas Moreau','https://i.pravatar.cc/150?img=6',NULL,NULL,0,'2026-02-27 19:56:58','2026-02-27 19:56:58','Électricité,Menuiserie','Artisanat,Nature',NULL,22,45,NULL,NULL);
INSERT INTO users VALUES('user-7','emma.simon@email.fr','$2b$10$z1paRE8LJMzcdz./9K7tQOrU9TQU//XSGVB0IRzeZ2B2LioD2qvG2',NULL,NULL,'Emma Simon','https://i.pravatar.cc/150?img=7',NULL,NULL,0,'2026-02-27 19:56:58','2026-02-27 19:56:58','Design,Peinture','Culture,Bien-être',NULL,16,25,NULL,NULL);
INSERT INTO users VALUES('user-8','antoine.michel@email.fr','$2b$10$z1paRE8LJMzcdz./9K7tQOrU9TQU//XSGVB0IRzeZ2B2LioD2qvG2',NULL,NULL,'Antoine Michel','https://i.pravatar.cc/150?img=8',NULL,NULL,0,'2026-02-27 19:56:58','2026-02-27 19:56:58','Informatique,Python','Technologie,Éducation',NULL,28,55,NULL,NULL);
INSERT INTO users VALUES('user-9','camille.laurent@email.fr','$2b$10$z1paRE8LJMzcdz./9K7tQOrU9TQU//XSGVB0IRzeZ2B2LioD2qvG2',NULL,NULL,'Camille Laurent','https://i.pravatar.cc/150?img=9',NULL,NULL,0,'2026-02-27 19:56:58','2026-02-27 19:56:58','Couture,Musique','Culture,Solidarité',NULL,14,20,NULL,NULL);
INSERT INTO users VALUES('user-10','maxime.lefevre@email.fr','$2b$10$z1paRE8LJMzcdz./9K7tQOrU9TQU//XSGVB0IRzeZ2B2LioD2qvG2',NULL,NULL,'Maxime Lefevre','https://i.pravatar.cc/150?img=10',NULL,NULL,0,'2026-02-27 19:56:58','2026-02-27 19:56:58','Mécanique,Transport','Sport,Nature',NULL,24,70,NULL,NULL);
INSERT INTO users VALUES('user-11','claire.garcia@email.fr','$2b$10$z1paRE8LJMzcdz./9K7tQOrU9TQU//XSGVB0IRzeZ2B2LioD2qvG2',NULL,NULL,'Claire Garcia','https://i.pravatar.cc/150?img=11',NULL,NULL,0,'2026-02-27 19:56:58','2026-02-27 19:56:58','Yoga,Méditation','Bien-être,Spiritualité',NULL,20,35,NULL,NULL);
INSERT INTO users VALUES('user-12','hugo.richard@email.fr','$2b$10$z1paRE8LJMzcdz./9K7tQOrU9TQU//XSGVB0IRzeZ2B2LioD2qvG2',NULL,NULL,'Hugo Richard','https://i.pravatar.cc/150?img=12',NULL,NULL,0,'2026-02-27 19:56:58','2026-02-27 19:56:58','Photographie,Vidéo','Art,Technologie',NULL,18,40,NULL,NULL);
INSERT INTO users VALUES('user-13','lea.durand@email.fr','$2b$10$z1paRE8LJMzcdz./9K7tQOrU9TQU//XSGVB0IRzeZ2B2LioD2qvG2',NULL,NULL,'Léa Durand','https://i.pravatar.cc/150?img=13',NULL,NULL,0,'2026-02-27 19:56:58','2026-02-27 19:56:58','Comptabilité,Excel','Finance,Administration',NULL,25,30,NULL,NULL);
INSERT INTO users VALUES('user-14','nathan.robert@email.fr','$2b$10$z1paRE8LJMzcdz./9K7tQOrU9TQU//XSGVB0IRzeZ2B2LioD2qvG2',NULL,NULL,'Nathan Robert','https://i.pravatar.cc/150?img=14',NULL,NULL,0,'2026-02-27 19:56:58','2026-02-27 19:56:58','Menuiserie,Ébénisterie','Artisanat,Design',NULL,16,45,NULL,NULL);
INSERT INTO users VALUES('user-15','sarah.blanc@email.fr','$2b$10$z1paRE8LJMzcdz./9K7tQOrU9TQU//XSGVB0IRzeZ2B2LioD2qvG2',NULL,NULL,'Sarah Blanc','https://i.pravatar.cc/150?img=15',NULL,NULL,0,'2026-02-27 19:56:58','2026-02-27 19:56:58','Traduction,Langues','Littérature,Voyages',NULL,22,50,NULL,NULL);
INSERT INTO users VALUES('user-16','kevin.rousseau@email.fr','$2b$10$z1paRE8LJMzcdz./9K7tQOrU9TQU//XSGVB0IRzeZ2B2LioD2qvG2',NULL,NULL,'Kevin Rousseau','https://i.pravatar.cc/150?img=16',NULL,NULL,0,'2026-02-27 19:56:58','2026-02-27 19:56:58','Mécanique,Carrosserie','Automobile,Technologie',NULL,20,60,NULL,NULL);
INSERT INTO users VALUES('user-17','melanie.girard@email.fr','$2b$10$z1paRE8LJMzcdz./9K7tQOrU9TQU//XSGVB0IRzeZ2B2LioD2qvG2',NULL,NULL,'Mélanie Girard','https://i.pravatar.cc/150?img=17',NULL,NULL,0,'2026-02-27 19:56:58','2026-02-27 19:56:58','Graphisme,Illustration','Art,Design',NULL,24,35,NULL,NULL);
INSERT INTO users VALUES('user-18','julien.morel@email.fr','$2b$10$z1paRE8LJMzcdz./9K7tQOrU9TQU//XSGVB0IRzeZ2B2LioD2qvG2',NULL,NULL,'Julien Morel','https://i.pravatar.cc/150?img=18',NULL,NULL,0,'2026-02-27 19:56:58','2026-02-27 19:56:58','Électronique,Arduino','Technologie,DIY',NULL,28,55,NULL,NULL);
INSERT INTO users VALUES('user-19','laura.fournier@email.fr','$2b$10$z1paRE8LJMzcdz./9K7tQOrU9TQU//XSGVB0IRzeZ2B2LioD2qvG2',NULL,NULL,'Laura Fournier','https://i.pravatar.cc/150?img=19',NULL,NULL,0,'2026-02-27 19:56:58','2026-02-27 19:56:58','Massage,Réflexologie','Bien-être,Santé',NULL,15,25,NULL,NULL);
INSERT INTO users VALUES('user-20','romain.andre@email.fr','$2b$10$z1paRE8LJMzcdz./9K7tQOrU9TQU//XSGVB0IRzeZ2B2LioD2qvG2',NULL,NULL,'Romain André','https://i.pravatar.cc/150?img=20',NULL,NULL,0,'2026-02-27 19:56:58','2026-02-27 19:56:58','Escalade,Alpinisme','Sport,Nature',NULL,26,70,NULL,NULL);
INSERT INTO missions VALUES('mission-1','user-1','Aide au déménagement urgent','Recherche aide pour déménager un appartement 2 pièces du 3ème étage sans ascenseur','demenagement','ponctuel','urgent','public',48.85660000000000025,2.352199999999999847,10,'ouverte',0,'transport,force','2026-02-25 19:56:58','2026-03-06 19:56:58',NULL,NULL,NULL);
INSERT INTO missions VALUES('mission-2','user-2','Réparation fuite eau','Besoin plombier pour réparer une fuite sous évier de la cuisine','bricolage','urgent','urgent','public',45.7640000000000029,4.835700000000000109,10,'ouverte',0,'plomberie','2026-02-26 19:56:58','2026-03-02 19:56:58',NULL,NULL,NULL);
INSERT INTO missions VALUES('mission-3','user-3','Garde enfant malade urgent','Mon fils est malade, école fermée, besoin aide garde aujourd''hui 14h-18h','garde_enfants','ponctuel','urgent','public',43.29650000000000176,5.369799999999999685,10,'ouverte',0,'garde,urgent','2026-02-27 16:56:58','2026-02-28 19:56:58',NULL,NULL,NULL);
INSERT INTO missions VALUES('mission-4','user-4','Voiture en panne urgence','Voiture tombée en panne sur autoroute A6, besoin remorquage ou dépannage rapide','transport','ponctuel','urgent','public',48.57339999999999947,7.752100000000000434,10,'ouverte',0,'mécanique,urgence','2026-02-27 15:56:58','2026-03-01 19:56:58',NULL,NULL,NULL);
INSERT INTO missions VALUES('mission-5','user-5','Traduction document urgent','Document administratif anglais à traduire avant demain matin pour rendez-vous préfecture','administratif','ponctuel','urgent','public',48.85660000000000025,2.352199999999999847,10,'ouverte',0,'traduction,anglais','2026-02-27 14:56:58','2026-02-28 19:56:58',NULL,NULL,NULL);
INSERT INTO missions VALUES('mission-6','user-6','Cours informatique seniors','Grand-mère veut apprendre à utiliser son smartphone et envoyer emails','numerique','recurrent','moyen','public',48.85660000000000025,2.352199999999999847,10,'ouverte',0,'informatique,enseignement','2026-02-22 19:56:58','2026-03-29 19:56:58',NULL,NULL,NULL);
INSERT INTO missions VALUES('mission-7','user-7','Garde enfants samedi soir','Besoin babysitter fiable pour 2 enfants (4 et 7 ans) samedi prochain 19h-23h','garde_enfants','ponctuel','moyen','public',45.7640000000000029,4.835700000000000109,10,'ouverte',0,'garde,enfants','2026-02-24 19:56:58','2026-03-13 19:56:58',NULL,NULL,NULL);
INSERT INTO missions VALUES('mission-8','user-8','Covoiturage Paris-Lyon','Cherche covoiturage pour Lyon ce week-end, participation frais essence','transport','ponctuel','moyen','public',43.29650000000000176,5.369799999999999685,10,'ouverte',0,'transport,covoiturage','2026-02-26 19:56:58','2026-03-04 19:56:58',NULL,NULL,NULL);
INSERT INTO missions VALUES('mission-9','user-9','Aide jardinage printemps','Besoin aide pour préparer potager : bêchage, semis, installation serre','jardinage','ponctuel','moyen','public',48.57339999999999947,7.752100000000000434,10,'ouverte',0,'jardinage,extérieur','2026-02-21 19:56:58','2026-03-20 19:56:58',NULL,NULL,NULL);
INSERT INTO missions VALUES('mission-10','user-10','Cours de guitare débutant','Cherche prof guitare patient pour apprendre les bases, 1h/semaine','loisirs','recurrent','moyen','public',48.85660000000000025,2.352199999999999847,10,'ouverte',0,'musique,guitare','2026-02-19 19:56:58','2026-04-28 19:56:58',NULL,NULL,NULL);
INSERT INTO missions VALUES('mission-11','user-1','Aide rédaction CV','Besoin aide pour rédiger CV et lettre motivation pour candidature emploi','administratif','ponctuel','moyen','public',45.7640000000000029,4.835700000000000109,10,'ouverte',0,'emploi,rédaction','2026-02-25 19:56:58','2026-03-09 19:56:58',NULL,NULL,NULL);
INSERT INTO missions VALUES('mission-12','user-2','Montage meuble Ikea','Besoin aide montage armoire Pax 3 portes, j''ai les outils mais pas le courage','bricolage','ponctuel','moyen','public',43.29650000000000176,5.369799999999999685,10,'ouverte',0,'montage,bricolage','2026-02-23 19:56:58','2026-03-06 19:56:58',NULL,NULL,NULL);
INSERT INTO missions VALUES('mission-13','user-3','Aide démarches administratives','Besoin accompagnement pour remplir dossier CAF, c''est compliqué','administratif','ponctuel','moyen','public',48.57339999999999947,7.752100000000000434,10,'ouverte',0,'administratif,social','2026-02-26 19:56:58','2026-03-14 19:56:58',NULL,NULL,NULL);
INSERT INTO missions VALUES('mission-14','user-4','Cours de français FLE','Nouvel arrivant cherche cours français conversation, niveau débutant','education','recurrent','moyen','public',48.85660000000000025,2.352199999999999847,10,'ouverte',0,'langues,français','2026-02-20 19:56:58','2026-05-28 19:56:58',NULL,NULL,NULL);
INSERT INTO missions VALUES('mission-15','user-5','Réparation vélo','Mon vélo a la chaîne qui saute et frein arrière ne marche plus','transport','ponctuel','moyen','public',45.7640000000000029,4.835700000000000109,10,'ouverte',0,'vélo,réparation','2026-02-24 19:56:58','2026-03-09 19:56:58',NULL,NULL,NULL);
INSERT INTO missions VALUES('mission-16','user-6','Aide déclaration impôts','Première déclaration impôts, besoin aide pour comprendre formulaire en ligne','administratif','ponctuel','moyen','public',43.29650000000000176,5.369799999999999685,10,'ouverte',0,'impôts,administratif','2026-02-17 19:56:58','2026-03-29 19:56:58',NULL,NULL,NULL);
INSERT INTO missions VALUES('mission-17','user-7','Cours couture débutant','Envie apprendre coudre pour réparer vêtements et créer petits projets','loisirs','recurrent','moyen','public',48.57339999999999947,7.752100000000000434,10,'ouverte',0,'couture,créatif','2026-02-22 19:56:58','2026-04-28 19:56:58',NULL,NULL,NULL);
INSERT INTO missions VALUES('mission-18','user-8','Installation borne WiFi','Besoin aide installation répéteur WiFi et configuration réseau maison','numerique','ponctuel','moyen','public',48.85660000000000025,2.352199999999999847,10,'ouverte',0,'informatique,réseau','2026-02-25 19:56:58','2026-03-13 19:56:58',NULL,NULL,NULL);
INSERT INTO missions VALUES('mission-19','user-9','Promener chien régulièrement','Cherche personne pour promener mon labrador 3x/semaine pendant mes horaires travail','animaux','recurrent','moyen','public',45.7640000000000029,4.835700000000000109,10,'ouverte',0,'animaux,chien','2026-02-15 19:56:58','2026-05-28 19:56:58',NULL,NULL,NULL);
INSERT INTO missions VALUES('mission-20','user-10','Aide rangement garage','Besoin aide pour trier et ranger garage encombré, objets lourds à déplacer','bricolage','ponctuel','moyen','public',43.29650000000000176,5.369799999999999685,10,'ouverte',0,'rangement,force','2026-02-21 19:56:58','2026-03-20 19:56:58',NULL,NULL,NULL);
INSERT INTO missions VALUES('mission-21','user-1','Conversation anglais','Cherche personne anglophone pour pratiquer conversation 1h/semaine','education','recurrent','faible','public',48.57339999999999947,7.752100000000000434,10,'ouverte',0,'langues,anglais','2026-02-12 19:56:58','2026-05-28 19:56:58',NULL,NULL,NULL);
INSERT INTO missions VALUES('mission-22','user-2','Initiation photographie','Envie apprendre bases photographie numérique et retouche photos','loisirs','recurrent','faible','public',48.85660000000000025,2.352199999999999847,10,'ouverte',0,'photo,créatif','2026-02-07 19:56:58','2026-04-28 19:56:58',NULL,NULL,NULL);
INSERT INTO missions VALUES('mission-23','user-3','Cours yoga débutant','Recherche personne pour m''initier au yoga, séances douces pour débuter','sante','recurrent','faible','public',45.7640000000000029,4.835700000000000109,10,'ouverte',0,'yoga,bien-être','2026-02-19 19:56:58','2026-05-28 19:56:58',NULL,NULL,NULL);
INSERT INTO missions VALUES('mission-24','user-4','Partenaire jogging','Cherche partenaire course à pied 2-3x/semaine niveau débutant','sport','recurrent','faible','public',43.29650000000000176,5.369799999999999685,10,'ouverte',0,'sport,course','2026-02-17 19:56:58','2026-05-28 19:56:58',NULL,NULL,NULL);
INSERT INTO missions VALUES('mission-25','user-5','Échange garde enfants','Maman solo cherche système échange garde enfants avec autre parent','garde_enfants','recurrent','faible','public',48.57339999999999947,7.752100000000000434,10,'ouverte',0,'garde,échange','2026-02-02 19:56:58','2026-08-26 19:56:58',NULL,NULL,NULL);
INSERT INTO missions VALUES('mission-26','user-6','Atelier cuisine végétarienne','Envie découvrir recettes végétariennes équilibrées et faciles','alimentation','recurrent','faible','public',48.85660000000000025,2.352199999999999847,10,'ouverte',0,'cuisine,végétarien','2026-02-13 19:56:58','2026-04-28 19:56:58',NULL,NULL,NULL);
INSERT INTO missions VALUES('mission-27','user-7','Troc vêtements enfants','Organisation troc vêtements enfants 0-10 ans quartier','autre','ponctuel','faible','public',45.7640000000000029,4.835700000000000109,10,'ouverte',0,'vêtements,échange','2026-01-28 19:56:58','2026-04-13 19:56:58',NULL,NULL,NULL);
INSERT INTO missions VALUES('mission-28','user-8','Cours échecs débutant','Cherche personne pour apprendre à jouer aux échecs','loisirs','recurrent','faible','public',43.29650000000000176,5.369799999999999685,10,'ouverte',0,'jeux,échecs','2026-02-09 19:56:58','2026-05-28 19:56:58',NULL,NULL,NULL);
INSERT INTO missions VALUES('mission-29','user-9','Initiation poterie','Envie découvrir poterie et céramique, niveau grand débutant','loisirs','recurrent','faible','public',48.57339999999999947,7.752100000000000434,10,'ouverte',0,'poterie,créatif','2026-02-05 19:56:58','2026-05-28 19:56:58',NULL,NULL,NULL);
INSERT INTO missions VALUES('mission-30','user-10','Visite musées ensemble','Cherche personne pour visiter musées et expos, partager passion art','culture','recurrent','faible','public',48.85660000000000025,2.352199999999999847,10,'ouverte',0,'culture,musée','2026-02-15 19:56:58','2026-06-27 19:56:58',NULL,NULL,NULL);
INSERT INTO missions VALUES('mission-31','user-1','Aide préparation mariage','Besoin aide pour préparer décoration salle et mise en place jour J','autre','ponctuel','moyen','public',45.7640000000000029,4.835700000000000109,10,'ouverte',0,'événement,décoration','2026-02-22 19:56:58','2026-04-28 19:56:58',NULL,NULL,NULL);
INSERT INTO missions VALUES('mission-32','user-2','Tonte pelouse régulière','Cherche personne pour tondre pelouse 2x/mois avril à octobre','jardinage','recurrent','moyen','public',43.29650000000000176,5.369799999999999685,10,'ouverte',0,'jardinage,tonte','2026-02-19 19:56:58','2026-06-27 19:56:58',NULL,NULL,NULL);
INSERT INTO missions VALUES('mission-33','user-3','Soutien scolaire maths','Fils en 4ème besoin aide maths 2h/semaine pour combler lacunes','education','recurrent','moyen','public',48.57339999999999947,7.752100000000000434,10,'ouverte',0,'soutien,mathématiques','2026-02-16 19:56:58','2026-05-28 19:56:58',NULL,NULL,NULL);
INSERT INTO missions VALUES('mission-34','user-4','Réparation volet roulant','Volet roulant cuisine bloqué en position basse, mécanisme cassé','bricolage','ponctuel','moyen','public',48.85660000000000025,2.352199999999999847,10,'ouverte',0,'bricolage,volet','2026-02-23 19:56:58','2026-03-13 19:56:58',NULL,NULL,NULL);
INSERT INTO missions VALUES('mission-35','user-5','Garde chat vacances','Cherche personne pour nourrir chat 2x/jour pendant vacances été 2 semaines','animaux','ponctuel','moyen','public',45.7640000000000029,4.835700000000000109,10,'ouverte',0,'animaux,chat','2026-02-07 19:56:58','2026-06-27 19:56:58',NULL,NULL,NULL);
INSERT INTO missions VALUES('mission-36','user-6','Cours piano adulte','Débutant complet cherche cours piano, envie jouer morceaux classiques','loisirs','recurrent','faible','public',43.29650000000000176,5.369799999999999685,10,'ouverte',0,'musique,piano','2026-02-12 19:56:58','2026-05-28 19:56:58',NULL,NULL,NULL);
INSERT INTO missions VALUES('mission-37','user-7','Aide déménagement boxes','Besoin transport 20 cartons de box vers appartement, pas lourd mais volumineux','demenagement','ponctuel','moyen','public',48.57339999999999947,7.752100000000000434,10,'ouverte',0,'transport,cartons','2026-02-24 19:56:58','2026-03-09 19:56:58',NULL,NULL,NULL);
INSERT INTO missions VALUES('mission-38','user-8','Installation stores intérieurs','Achat stores neufs, besoin aide installation 3 fenêtres avec perçage','bricolage','ponctuel','moyen','public',48.85660000000000025,2.352199999999999847,10,'ouverte',0,'bricolage,installation','2026-02-20 19:56:58','2026-03-20 19:56:58',NULL,NULL,NULL);
INSERT INTO missions VALUES('mission-39','user-9','Cours espagnol conversation','Niveau intermédiaire cherche conversation espagnol 1h/semaine','education','recurrent','faible','public',45.7640000000000029,4.835700000000000109,10,'ouverte',0,'langues,espagnol','2026-02-09 19:56:58','2026-05-28 19:56:58',NULL,NULL,NULL);
INSERT INTO missions VALUES('mission-40','user-10','Dépannage imprimante','Imprimante HP ne veut plus imprimer en couleur, besoin diagnostic','numerique','ponctuel','moyen','public',43.29650000000000176,5.369799999999999685,10,'ouverte',0,'informatique,imprimante','2026-02-25 19:56:58','2026-03-06 19:56:58',NULL,NULL,NULL);
INSERT INTO missions VALUES('mission-41','user-1','Relecture mémoire','Besoin relecture orthographe et syntaxe mémoire master 80 pages','education','ponctuel','moyen','public',48.57339999999999947,7.752100000000000434,10,'ouverte',0,'correction,français','2026-02-18 19:56:58','2026-03-20 19:56:58',NULL,NULL,NULL);
INSERT INTO missions VALUES('mission-42','user-2','Cours ukulélé débutant','Envie apprendre ukulélé, instrument acheté mais besoin bases','loisirs','recurrent','faible','public',48.85660000000000025,2.352199999999999847,10,'ouverte',0,'musique,ukulélé','2026-02-15 19:56:58','2026-04-28 19:56:58',NULL,NULL,NULL);
INSERT INTO missions VALUES('mission-43','user-3','Aide création site web','Besoin aide créer site vitrine simple pour micro-entreprise','numerique','ponctuel','moyen','public',45.7640000000000029,4.835700000000000109,10,'ouverte',0,'web,création','2026-02-21 19:56:58','2026-03-29 19:56:58',NULL,NULL,NULL);
INSERT INTO missions VALUES('mission-44','user-4','Transport meubles occasion','Achat canapé Le Bon Coin, besoin transport sur 15km','transport','ponctuel','moyen','public',43.29650000000000176,5.369799999999999685,10,'ouverte',0,'transport,meubles','2026-02-26 19:56:58','2026-03-06 19:56:58',NULL,NULL,NULL);
INSERT INTO missions VALUES('mission-45','user-5','Initiation méditation','Cherche introduction méditation pleine conscience pour stress','sante','recurrent','faible','public',48.57339999999999947,7.752100000000000434,10,'ouverte',0,'bien-être,méditation','2026-02-11 19:56:58','2026-05-28 19:56:58',NULL,NULL,NULL);
INSERT INTO missions VALUES('mission-46','user-6','Réparation parquet qui grince','Parquet chambre grince beaucoup la nuit, besoin diagnostic et réparation','bricolage','ponctuel','moyen','public',48.85660000000000025,2.352199999999999847,10,'ouverte',0,'bricolage,parquet','2026-02-17 19:56:58','2026-03-20 19:56:58',NULL,NULL,NULL);
INSERT INTO missions VALUES('mission-47','user-7','Cours dessin adulte','Débutant total cherche cours dessin crayon/fusain','loisirs','recurrent','faible','public',45.7640000000000029,4.835700000000000109,10,'ouverte',0,'dessin,créatif','2026-02-13 19:56:58','2026-05-28 19:56:58',NULL,NULL,NULL);
INSERT INTO missions VALUES('mission-48','user-8','Aide débroussaillage jardin','Jardin envahi ronces et mauvaises herbes, besoin gros coup main','jardinage','ponctuel','moyen','public',43.29650000000000176,5.369799999999999685,10,'ouverte',0,'jardinage,débroussaillage','2026-02-19 19:56:58','2026-03-29 19:56:58',NULL,NULL,NULL);
INSERT INTO missions VALUES('mission-49','user-9','Installation lave-vaisselle','Achat lave-vaisselle neuf, besoin branchement plomberie et électrique','bricolage','ponctuel','moyen','public',48.57339999999999947,7.752100000000000434,10,'ouverte',0,'plomberie,installation','2026-02-24 19:56:58','2026-03-13 19:56:58',NULL,NULL,NULL);
INSERT INTO missions VALUES('mission-50','user-10','Cours italien débutant','Projet voyage Italie, envie apprendre bases italien','education','recurrent','faible','public',48.85660000000000025,2.352199999999999847,10,'ouverte',0,'langues,italien','2026-02-10 19:56:58','2026-05-28 19:56:58',NULL,NULL,NULL);
INSERT INTO missions VALUES('mission-51','user-1','Aide préparation Pâques','Organisation chasse œufs Pâques 20 enfants, besoin aide logistique','autre','ponctuel','moyen','public',45.7640000000000029,4.835700000000000109,10,'ouverte',0,'événement,enfants','2026-02-15 19:56:58','2026-03-29 19:56:58',NULL,NULL,NULL);
INSERT INTO missions VALUES('mission-52','user-2','Cours informatique tablette','Senior veut apprendre utiliser iPad pour vidéos famille','numerique','recurrent','faible','public',43.29650000000000176,5.369799999999999685,10,'ouverte',0,'informatique,tablette','2026-02-08 19:56:58','2026-04-28 19:56:58',NULL,NULL,NULL);
INSERT INTO missions VALUES('mission-53','user-3','Réparation serrure porte','Serrure porte entrée coincée, clé tourne mal','bricolage','ponctuel','moyen','public',48.57339999999999947,7.752100000000000434,10,'ouverte',0,'serrurerie,porte','2026-02-25 19:56:58','2026-03-06 19:56:58',NULL,NULL,NULL);
INSERT INTO missions VALUES('mission-54','user-4','Partenaire badminton','Cherche partenaire badminton niveau loisir 1x/semaine','sport','recurrent','faible','public',48.85660000000000025,2.352199999999999847,10,'ouverte',0,'sport,badminton','2026-02-06 19:56:58','2026-05-28 19:56:58',NULL,NULL,NULL);
INSERT INTO missions VALUES('mission-55','user-5','Installation étagères murales','Achat étagères Ikea, besoin perçage mur béton et fixation','bricolage','ponctuel','moyen','public',45.7640000000000029,4.835700000000000109,10,'ouverte',0,'bricolage,perçage','2026-02-22 19:56:58','2026-03-13 19:56:58',NULL,NULL,NULL);
INSERT INTO offers VALUES('offer-1','user-6','Travaux électriques','Électricien professionnel propose services pour petits travaux : prises, interrupteurs, luminaires','bricolage','service','public',48.85660000000000025,2.352199999999999847,10,'ouverte','électricité,bricolage',NULL,'2026-02-17 19:56:58','2026-05-28 19:56:58',NULL);
INSERT INTO offers VALUES('offer-2','user-2','Plomberie et sanitaire','Plombier retraité propose dépannage plomberie : fuites, robinets, chasse d''eau','bricolage','service','public',45.7640000000000029,4.835700000000000109,10,'ouverte','plomberie,réparation',NULL,'2026-02-12 19:56:58','2026-05-28 19:56:58',NULL);
INSERT INTO offers VALUES('offer-3','user-6','Menuiserie sur mesure','Menuisier propose création étagères, meubles sur mesure, réparations bois','bricolage','service','public',43.29650000000000176,5.369799999999999685,10,'ouverte','menuiserie,bois',NULL,'2026-02-07 19:56:58','2026-06-27 19:56:58',NULL);
INSERT INTO offers VALUES('offer-4','user-2','Peinture intérieure','Peintre propose services peinture appartements, conseils couleurs inclus','bricolage','service','public',48.57339999999999947,7.752100000000000434,10,'ouverte','peinture,décoration',NULL,'2026-02-15 19:56:58','2026-05-28 19:56:58',NULL);
INSERT INTO offers VALUES('offer-5','user-6','Réparation petits électroménagers','Technicien répare grille-pain, cafetières, aspirateurs, etc. à domicile','bricolage','service','public',48.85660000000000025,2.352199999999999847,10,'ouverte','réparation,électroménager',NULL,'2026-02-09 19:56:58','2026-05-28 19:56:58',NULL);
INSERT INTO offers VALUES('offer-6','user-7','Cours français langue étrangère','Professeure certifiée donne cours français pour étrangers, tous niveaux','education','service','public',45.7640000000000029,4.835700000000000109,10,'ouverte','langues,enseignement',NULL,'2026-02-12 19:56:58','2026-05-28 19:56:58',NULL);
INSERT INTO offers VALUES('offer-7','user-8','Cours anglais conversation','Native speaker propose conversation anglais tous niveaux','education','service','public',43.29650000000000176,5.369799999999999685,10,'ouverte','langues,anglais',NULL,'2026-02-02 19:56:58','2026-06-27 19:56:58',NULL);
INSERT INTO offers VALUES('offer-8','user-1','Soutien scolaire maths-physique','Ingénieur retraité donne cours particuliers collège-lycée','education','service','public',48.57339999999999947,7.752100000000000434,10,'ouverte','soutien,sciences',NULL,'2026-01-28 19:56:58','2026-05-28 19:56:58',NULL);
INSERT INTO offers VALUES('offer-9','user-4','Cours programmation débutants','Développeur enseigne Python/JavaScript aux débutants tous âges','numerique','service','public',48.85660000000000025,2.352199999999999847,10,'ouverte','programmation,code',NULL,'2026-02-05 19:56:58','2026-06-27 19:56:58',NULL);
INSERT INTO offers VALUES('offer-10','user-7','Aide aux devoirs primaire','Étudiante propose aide devoirs enfants primaire toutes matières','education','service','public',45.7640000000000029,4.835700000000000109,10,'ouverte','soutien,primaire',NULL,'2026-02-13 19:56:58','2026-05-28 19:56:58',NULL);
INSERT INTO offers VALUES('offer-11','user-9','Dépannage informatique domicile','Technicien informatique : PC, Mac, virus, installation, configuration','numerique','service','public',48.57339999999999947,7.752100000000000434,10,'ouverte','informatique,dépannage',NULL,'2026-02-19 19:56:58','2026-05-28 19:56:58',NULL);
INSERT INTO offers VALUES('offer-12','user-8','Cours informatique seniors','Patient et pédagogue, j''aide seniors avec ordinateur, tablette, smartphone','numerique','service','public',43.29650000000000176,5.369799999999999685,10,'ouverte','informatique,seniors',NULL,'2026-01-30 19:56:58','2026-06-27 19:56:58',NULL);
INSERT INTO offers VALUES('offer-13','user-4','Création site web vitrine','Développeur web crée sites vitrines pour TPE/artisans tarifs solidaires','numerique','service','public',48.85660000000000025,2.352199999999999847,10,'ouverte','web,création',NULL,'2026-02-11 19:56:58','2026-05-28 19:56:58',NULL);
INSERT INTO offers VALUES('offer-14','user-9','Installation réseaux WiFi','Configuration box internet, répéteurs WiFi, optimisation réseau maison','numerique','service','public',45.7640000000000029,4.835700000000000109,10,'ouverte','réseau,wifi',NULL,'2026-02-16 19:56:58','2026-05-28 19:56:58',NULL);
INSERT INTO offers VALUES('offer-15','user-8','Camionnette pour déménagement','Prête camionnette week-ends pour déménagements (essence à charge)','demenagement','materiel','public',43.29650000000000176,5.369799999999999685,10,'ouverte','transport,camionnette',NULL,'2026-02-07 19:56:58','2026-05-28 19:56:58',NULL);
INSERT INTO offers VALUES('offer-16','user-10','Aide déménagement force','Sportif propose aide déménagement, port cartons, démontage meubles','demenagement','service','public',48.57339999999999947,7.752100000000000434,10,'ouverte','déménagement,manutention',NULL,'2026-02-14 19:56:58','2026-05-28 19:56:58',NULL);
INSERT INTO offers VALUES('offer-17','user-10','Remorque disponible','Prête remorque (charge max 500kg) pour transports ponctuels','transport','materiel','public',48.85660000000000025,2.352199999999999847,10,'ouverte','remorque,transport',NULL,'2026-02-03 19:56:58','2026-06-27 19:56:58',NULL);
INSERT INTO offers VALUES('offer-18','user-10','Covoiturage régulier Paris-Lyon','Trajet Paris-Lyon 1x/mois, places disponibles, partage frais','transport','service','public',45.7640000000000029,4.835700000000000109,10,'ouverte','covoiturage,longue-distance',NULL,'2026-01-23 19:56:58','2026-08-26 19:56:58',NULL);
INSERT INTO offers VALUES('offer-19','user-10','Cours cuisine végétarienne','Chef végétarien partage recettes et techniques, cours individuels/collectifs','alimentation','service','public',48.85660000000000025,2.352199999999999847,10,'ouverte','cuisine,végétarien',NULL,'2026-02-15 19:56:58','2026-05-28 19:56:58',NULL);
INSERT INTO offers VALUES('offer-20','user-3','Cours pâtisserie maison','Pâtissière amateure enseigne recettes pâtisserie traditionnelle française','alimentation','service','public',43.29650000000000176,5.369799999999999685,10,'ouverte','pâtisserie,cuisine',NULL,'2026-02-01 19:56:58','2026-05-28 19:56:58',NULL);
INSERT INTO offers VALUES('offer-21','user-3','Initiation conserves maison','J''enseigne techniques conserves fruits/légumes, confitures, bocaux','alimentation','service','public',48.57339999999999947,7.752100000000000434,10,'ouverte','conserves,cuisine',NULL,'2026-02-08 19:56:58','2026-06-27 19:56:58',NULL);
INSERT INTO offers VALUES('offer-22','user-9','Cours couture tous niveaux','Couturière donne cours couture : réparations, créations, patron','loisirs','service','public',48.85660000000000025,2.352199999999999847,10,'ouverte','couture,créatif',NULL,'2026-02-10 19:56:58','2026-05-28 19:56:58',NULL);
INSERT INTO offers VALUES('offer-23','user-7','Atelier peinture aquarelle','Artiste peintre propose initiation aquarelle en petits groupes','loisirs','service','public',45.7640000000000029,4.835700000000000109,10,'ouverte','peinture,art',NULL,'2026-02-06 19:56:58','2026-06-27 19:56:58',NULL);
INSERT INTO offers VALUES('offer-24','user-1','Cours photographie débutant','Photographe amateur partage bases photo numérique et composition','loisirs','service','public',43.29650000000000176,5.369799999999999685,10,'ouverte','photographie,créatif',NULL,'2026-02-04 19:56:58','2026-05-28 19:56:58',NULL);
INSERT INTO offers VALUES('offer-25','user-9','Initiation tricot crochet','Grand-mère patiente enseigne tricot et crochet aux débutants','loisirs','service','public',48.57339999999999947,7.752100000000000434,10,'ouverte','tricot,créatif',NULL,'2026-01-31 19:56:58','2026-06-27 19:56:58',NULL);
INSERT INTO offers VALUES('offer-26','user-9','Cours guitare acoustique','Guitariste donne cours débutants/intermédiaires, folk et classique','loisirs','service','public',48.85660000000000025,2.352199999999999847,10,'ouverte','musique,guitare',NULL,'2026-01-29 19:56:58','2026-05-28 19:56:58',NULL);
INSERT INTO offers VALUES('offer-27','user-7','Cours piano classique','Pianiste diplômée conservatoire propose cours enfants/adultes','loisirs','service','public',45.7640000000000029,4.835700000000000109,10,'ouverte','musique,piano',NULL,'2026-01-27 19:56:58','2026-06-27 19:56:58',NULL);
INSERT INTO offers VALUES('offer-28','user-3','Conseils jardinage potager','Jardinier bio partage conseils potager, permaculture, compost','jardinage','service','public',43.29650000000000176,5.369799999999999685,10,'ouverte','jardinage,potager',NULL,'2026-01-25 19:56:58','2026-06-27 19:56:58',NULL);
INSERT INTO offers VALUES('offer-29','user-6','Taille haies et arbustes','Jardinier propose taille haies, arbustes, petit élagage','jardinage','service','public',48.57339999999999947,7.752100000000000434,10,'ouverte','jardinage,taille',NULL,'2026-02-12 19:56:58','2026-05-28 19:56:58',NULL);
INSERT INTO offers VALUES('offer-30','user-3','Tonte pelouse et entretien','Service tonte pelouse régulière, désherbage, entretien jardin','jardinage','service','public',48.85660000000000025,2.352199999999999847,10,'ouverte','jardinage,entretien',NULL,'2026-01-21 19:56:58','2026-08-26 19:56:58',NULL);
INSERT INTO offers VALUES('offer-31','user-5','Garde animaux domicile','Pet-sitter garde chiens/chats à domicile pendant absences','animaux','service','public',45.7640000000000029,4.835700000000000109,10,'ouverte','animaux,garde',NULL,'2026-01-18 19:56:58','2026-08-26 19:56:58',NULL);
INSERT INTO offers VALUES('offer-32','user-5','Promenade chiens','Amoureux animaux propose promenades chiens quotidiennes quartier','animaux','service','public',43.29650000000000176,5.369799999999999685,10,'ouverte','animaux,promenade',NULL,'2026-01-26 19:56:58','2026-06-27 19:56:58',NULL);
INSERT INTO offers VALUES('offer-33','user-7','Cours yoga doux','Professeure yoga certifiée propose séances douces tous niveaux','sante','service','public',48.57339999999999947,7.752100000000000434,10,'ouverte','yoga,bien-être',NULL,'2026-01-24 19:56:58','2026-05-28 19:56:58',NULL);
INSERT INTO offers VALUES('offer-34','user-10','Coaching course à pied','Coureur expérimenté accompagne débutants, plans entraînement personnalisés','sport','service','public',48.85660000000000025,2.352199999999999847,10,'ouverte','sport,running',NULL,'2026-01-22 19:56:58','2026-06-27 19:56:58',NULL);
INSERT INTO offers VALUES('offer-35','user-2','Prêt outils bricolage','Perceuse, scie, ponceuse, échelle disponibles en prêt gratuit','bricolage','materiel','public',45.7640000000000029,4.835700000000000109,10,'ouverte','outils,prêt',NULL,'2026-01-16 19:56:58','2026-08-26 19:56:58',NULL);
INSERT INTO contributions VALUES('contrib-1','user-10','mission-1','help','Je peux aider pour le déménagement, j ai une voiture spacieuse. Disponible samedi matin','active','2026-02-26 19:56:58');
INSERT INTO contributions VALUES('contrib-2','user-6','mission-2','help','Plombier amateur, je peux passer voir la fuite demain. Disponible demain après-midi','active','2026-02-27 13:56:58');
INSERT INTO contributions VALUES('contrib-3','user-8','mission-6','help','Je peux aider votre grand-mère avec son smartphone, j ai l habitude avec les seniors','active','2026-02-24 19:56:58');
INSERT INTO contributions VALUES('contrib-4','user-7','mission-7','help','Étudiante en éducation, j adore les enfants, disponible samedi soir','active','2026-02-25 19:56:58');
INSERT INTO contributions VALUES('contrib-5','user-4','mission-11','help','RH de métier, je peux relire et améliorer votre CV avec plaisir','active','2026-02-26 19:56:58');
INSERT INTO contributions VALUES('contrib-6','user-9','mission-12','help','Expert montage Ikea (malheureusement), je peux venir avec mes outils','active','2026-02-24 19:56:58');
INSERT INTO contributions VALUES('contrib-7','user-10','mission-15','help','Mécanicien vélo amateur, je peux diagnostiquer et réparer','active','2026-02-25 19:56:58');
INSERT INTO contributions VALUES('contrib-8','user-3','mission-19','help','J adore les labradors, je promène déjà 2 chiens du quartier','active','2026-02-22 19:56:58');
INSERT INTO contributions VALUES('contrib-9','user-8','mission-18','help','Admin réseau de profession, installation WiFi c est mon quotidien','active','2026-02-26 19:56:58');
INSERT INTO contributions VALUES('contrib-10','user-6','mission-34','help','J ai déjà réparé 3 volets roulants dans l immeuble, je connais bien','active','2026-02-24 19:56:58');
INSERT INTO correlations VALUES('corr-1','mission-1','offer-15',95.0,'2026-02-26 19:56:58');
INSERT INTO correlations VALUES('corr-2','mission-1','offer-16',88.0,'2026-02-26 19:56:58');
INSERT INTO correlations VALUES('corr-3','mission-37','offer-15',92.0,'2026-02-25 19:56:58');
INSERT INTO correlations VALUES('corr-4','mission-37','offer-16',85.0,'2026-02-25 19:56:58');
INSERT INTO correlations VALUES('corr-5','mission-44','offer-15',90.0,'2026-02-26 19:56:58');
INSERT INTO correlations VALUES('corr-6','mission-44','offer-17',82.0,'2026-02-26 19:56:58');
INSERT INTO correlations VALUES('corr-7','mission-2','offer-2',93.0,'2026-02-26 19:56:58');
INSERT INTO correlations VALUES('corr-8','mission-2','offer-1',72.0,'2026-02-26 19:56:58');
INSERT INTO correlations VALUES('corr-9','mission-34','offer-1',88.0,'2026-02-24 19:56:58');
INSERT INTO correlations VALUES('corr-10','mission-49','offer-2',95.0,'2026-02-25 19:56:58');
INSERT INTO correlations VALUES('corr-11','mission-53','offer-2',78.0,'2026-02-26 19:56:58');
INSERT INTO correlations VALUES('corr-12','mission-46','offer-3',85.0,'2026-02-19 19:56:58');
INSERT INTO correlations VALUES('corr-13','mission-12','offer-35',70.0,'2026-02-24 19:56:58');
INSERT INTO correlations VALUES('corr-14','mission-38','offer-1',80.0,'2026-02-22 19:56:58');
INSERT INTO correlations VALUES('corr-15','mission-55','offer-35',75.0,'2026-02-23 19:56:58');
INSERT INTO correlations VALUES('corr-16','mission-6','offer-11',90.0,'2026-02-23 19:56:58');
INSERT INTO correlations VALUES('corr-17','mission-6','offer-12',95.0,'2026-02-23 19:56:58');
INSERT INTO correlations VALUES('corr-18','mission-18','offer-11',92.0,'2026-02-26 19:56:58');
INSERT INTO correlations VALUES('corr-19','mission-18','offer-14',98.0,'2026-02-26 19:56:58');
INSERT INTO correlations VALUES('corr-20','mission-40','offer-11',88.0,'2026-02-26 19:56:58');
INSERT INTO correlations VALUES('corr-21','mission-43','offer-13',96.0,'2026-02-22 19:56:58');
INSERT INTO correlations VALUES('corr-22','mission-52','offer-12',93.0,'2026-02-12 19:56:58');
INSERT INTO correlations VALUES('corr-23','mission-14','offer-6',97.0,'2026-02-21 19:56:58');
INSERT INTO correlations VALUES('corr-24','mission-21','offer-7',94.0,'2026-02-15 19:56:58');
INSERT INTO correlations VALUES('corr-25','mission-39','offer-7',75.0,'2026-02-13 19:56:58');
INSERT INTO correlations VALUES('corr-26','mission-33','offer-8',91.0,'2026-02-18 19:56:58');
INSERT INTO correlations VALUES('corr-27','mission-41','offer-6',80.0,'2026-02-20 19:56:58');
INSERT INTO correlations VALUES('corr-28','mission-50','offer-6',72.0,'2026-02-14 19:56:58');
INSERT INTO correlations VALUES('corr-29','mission-7','offer-10',85.0,'2026-02-25 19:56:58');
INSERT INTO correlations VALUES('corr-30','mission-19','offer-32',96.0,'2026-02-17 19:56:58');
INSERT INTO correlations VALUES('corr-31','mission-35','offer-31',98.0,'2026-02-09 19:56:58');
INSERT INTO correlations VALUES('corr-32','mission-9','offer-28',90.0,'2026-02-23 19:56:58');
INSERT INTO correlations VALUES('corr-33','mission-32','offer-30',94.0,'2026-02-21 19:56:58');
INSERT INTO correlations VALUES('corr-34','mission-48','offer-29',88.0,'2026-02-21 19:56:58');
INSERT INTO correlations VALUES('corr-35','mission-26','offer-19',96.0,'2026-02-16 19:56:58');
INSERT INTO correlations VALUES('corr-36','mission-10','offer-26',93.0,'2026-02-21 19:56:58');
INSERT INTO correlations VALUES('corr-37','mission-36','offer-27',95.0,'2026-02-15 19:56:58');
INSERT INTO correlations VALUES('corr-38','mission-42','offer-26',80.0,'2026-02-18 19:56:58');
INSERT INTO correlations VALUES('corr-39','mission-17','offer-22',92.0,'2026-02-23 19:56:58');
INSERT INTO correlations VALUES('corr-40','mission-22','offer-24',89.0,'2026-02-11 19:56:58');
INSERT INTO correlations VALUES('corr-41','mission-47','offer-23',91.0,'2026-02-16 19:56:58');
INSERT INTO correlations VALUES('corr-42','mission-8','offer-18',87.0,'2026-02-26 19:56:58');
INSERT INTO correlations VALUES('corr-43','mission-15','offer-5',70.0,'2026-02-25 19:56:58');
INSERT INTO correlations VALUES('corr-44','mission-23','offer-33',97.0,'2026-02-21 19:56:58');
INSERT INTO correlations VALUES('corr-45','mission-24','offer-34',94.0,'2026-02-19 19:56:58');
INSERT INTO correlations VALUES('corr-46','mission-45','offer-33',88.0,'2026-02-14 19:56:58');
INSERT INTO correlations VALUES('corr-47','mission-54','offer-34',75.0,'2026-02-10 19:56:58');

-- Summary
SELECT '✨ Seeding completed!' as status;
SELECT COUNT(*) || ' users' FROM users;
SELECT COUNT(*) || ' missions' FROM missions;
SELECT COUNT(*) || ' offers' FROM offers;
SELECT COUNT(*) || ' contributions' FROM contributions;
SELECT COUNT(*) || ' correlations' FROM correlations;
